{ 
    "Kalium" : {
        ".008p": 0.00001424014581910,
        ".0085p": 0.00001607510288000,
        ".009p": 0.00001802191464830,
        ".0095p": 0.00002008032129000,
        ".010p": 0.00002225189141070,
        ".0105p": 0.00002453144932000,
        ".011p": 0.00002692514808830,
        ".0115p": 0.00002942561205000,
        ".012p": 0.00003203895937460,
        ".0125p": 0.00003476567932000,
        ".013p": 0.00003760529482550,
        ".0135p": 0.00004055150041000,
        ".014p": 0.00004360718646430,
        ".015p": 0.00005005005005010,
        ".016p": 0.00005696058327630,
        ".017p": 0.00006430041152270,
        ".018p": 0.00007208765859280,
        ".019p": 0.00008036001285760,
        ".020p": 0.00008903133903170,
        ".021p": 0.00009815469179420,
        ".022p": 0.00010766580534000,
        ".023p": 0.00011770244821100,
        "0.021": 0.00009387286685000,
        "0.022": 0.00010386242200000,
        "0.023": 0.00011398499841000,
        "0.024": 0.00012496333672000,
        "0.025": 0.00013605371385000,
        "0.026": 0.00014469111056530,
        "0.027": 0.00015657930939000,
        "0.028": 0.00016120322394440,
        "0.029": 0.00017855099819560,
        "0.031": 0.00019890236873060,
        "0.033": 0.00022321662738060,
        "0.035": 0.00024903421477710,
        "0.037": 0.00027623733438380,
        "0.039": 0.00030478812158610,
        "0.041": 0.00033496478501920,
        "0.043": 0.00036635650096410,
        "0.045": 0.00040495629241720,
        "0.047": 0.00044740822097180,
        "0.049": 0.00047543840099090,
        "0.051": 0.00051264509080570,
        "0.053": 0.00055189809161340,
        "0.055": 0.00058440670551830,
        "0.057": 0.00062570378160190,
        "0.059": 0.00067914912190820,
        "0.061": 0.00072029256170050,
        "0.063": 0.00076597265124110,
        "0.065": 0.00082111556753310,
        "0.067": 0.00087070718824060,
        "0.07": 0.00093985053531220,
        "0.073": 0.00102151765892800,
        "0.076": 0.00111019165408900,
        "0.079": 0.00118897394917700,
        "0.082": 0.00129359767376700,
        "0.086": 0.00141613149354300,
        "0.09": 0.00154410711095700,
        "0.094": 0.00167776496714300,
        "0.098": 0.00183148748291900,
        "0.102": 0.00198652428214300,
        "0.106": 0.00212741321976700,
        "0.11": 0.00228673310777000,
        "0.114": 0.00244928609891000,
        "0.118": 0.00261640603894800,
        "0.124": 0.00288091463930300,
        "0.13": 0.00315499619636300,
        "0.136": 0.00344182152727800,
        "0.142": 0.00374171536857800,
        "0.15": 0.00415810519708200,
        "0.158": 0.00459845537752400,
        "0.166": 0.00507872400000000,
        "0.174": 0.00546993700000000,
        "0.182": 0.00607182200000000,
        "0.19": 0.00660507200000000,
        "0.2": 0.00740951748047000,
        "0.21": 0.00803743914905400,
        "0.222": 0.00909128732154300,
        "0.232": 0.00988844311094100,
        "0.244": 0.01090718240691000,
        "0.254": 0.01178731958140000,
        "0.266": 0.01289757747080000
    },
    "StringJoy": {
        "Plain .008": 0.00001418,
        "Plain .0085": 0.00001601,
        "Plain .009": 0.00001794,
        "Plain .0095": 0.00001999,
        "Plain .010": 0.00002215,
        "Plain .0105": 0.00002442,
        "Plain .011": 0.0000268,
        "Plain .0115": 0.0000293,
        "Plain .012": 0.0000319,
        "Plain .013": 0.00003744,
        "Plain .0135": 0.00004037,
        "Plain .014": 0.00004342,
        "Plain .015": 0.00004984,
        "Plain .016": 0.00005671,
        "Plain .017": 0.00006402,
        "Plain .018": 0.00007177,
        "Plain .019": 0.00007997,
        "Plain .020": 0.00008861,
        "Plain .022": 0.00010722,
        "Plain .024": 0.0001276,
        "Plain .026": 0.00014975,
        "Nickel .018": 0.00006215,
        "Nickel .020": 0.00007495,
        "Nickel .022": 0.00009184,
        "Nickel .024": 0.00010857,
        "Nickel .026": 0.00012671,
        "Nickel .028": 0.00014666,
        "Nickel .030": 0.00017236,
        "Nickel .032": 0.00019347,
        "Nickel .034": 0.0002159,
        "Nickel .036": 0.00023964,
        "Nickel .038": 0.00026471,
        "Nickel .040": 0.00029322,
        "Nickel .042": 0.00032279,
        "Nickel .044": 0.00035182,
        "Nickel .046": 0.00038216,
        "Nickel .048": 0.00041382,
        "Nickel .050": 0.00046463,
        "Nickel .052": 0.00048109,
        "Nickel .054": 0.00053838,
        "Nickel .056": 0.00057598,
        "Nickel .058": 0.0006207,
        "Nickel .060": 0.00066542,
        "Nickel .062": 0.00070697,
        "Nickel .064": 0.00074984,
        "Nickel .066": 0.00079889,
        "Nickel .068": 0.00084614,
        "Nickel .070": 0.00089304,
        "Nickel .072": 0.00094124,
        "Nickel .074": 0.00098869,
        "Nickel .080": 0.00115011,
        "Nickel .085": 0.00133702,
        "Nickel .090": 0.00150277,
        "Bright Bronze .018": 0.0000704,
        "Bright Bronze .020": 0.00007862,
        "Bright Bronze .022": 0.00008684,
        "Bright Bronze .024": 0.00011353,
        "Bright Bronze .026": 0.00013253,
        "Bright Bronze .028": 0.000156725,
        "Bright Bronze .030": 0.00018092,
        "Bright Bronze .032": 0.00020352,
        "Bright Bronze .034": 0.00022752,
        "Bright Bronze .036": 0.00025417,
        "Bright Bronze .038": 0.000285308,
        "Bright Bronze .040": 0.000316445,
        "Bright Bronze .042": 0.00034808,
        "Bright Bronze .044": 0.000384059,
        "Bright Bronze .046": 0.000420038,
        "Bright Bronze .048": 0.000455268,
        "Bright Bronze .050": 0.00049318,
        "Bright Bronze .052": 0.00053224,
        "Bright Bronze .054": 0.00057178,
        "Bright Bronze .056": 0.00061132,
        "Bright Bronze .058": 0.00065086
    }

}